,a,b,c,d,e,f,g,h,y
7,0.951785696,0.669569988,green,0.170130255,0.623469154,0.925886165,0.812684643,white,3.707513881
43,0.510446999,0.92262721,red,0.087899016,0.025415339,0.698443632,0.658544839,white,2.689242557
47,0.294837866,0.351081123,yellow,0.710891581,0.699660549,0.5457217,0.836863017,black,2.886508202
53,0.79864476,0.572041835,green,0.026136518,0.609730049,0.488668435,0.342675264,black,2.478168229
54,0.689666421,0.395323375,red,0.172447699,0.736432813,0.708408471,0.695521379,white,3.182666217
64,0.83469184,0.268174768,blue,0.624388212,0.697708147,0.392404192,0.571713256,white,2.354896406
103,0.558480372,0.540930245,yellow,0.061879401,0.361443745,0.536288379,0.542901478,white,2.890994642
107,0.270433455,0.025224403,green,0.717872192,0.265832236,0.589348854,0.347811639,white,2.594365756
109,0.555349651,0.585714761,green,0.151771988,0.91740474,0.844081829,0.337619986,white,3.649640755
128,0.44939107,0.98815782,green,0.511197207,0.059155072,0.972968732,0.584604643,white,3.239384774
136,0.299406772,0.965514627,green,0.098410231,0.716812245,0.02170638,0.678362708,white,3.300336808
160,0.182867189,0.376586687,green,0.051389284,0.57130674,0.640282657,0.235400836,white,2.908959042
161,0.654853109,0.475787251,yellow,0.87550436,0.873835589,0.203586097,0.462304841,white,3.297214471
162,0.695804498,0.130089453,red,0.742982008,0.093168078,0.438191569,0.473500148,white,2.330156157
183,0.394754577,0.992406899,red,0.223156838,0.796042987,0.282347285,0.964977004,white,3.351330731
184,0.298589793,0.363617036,green,0.041361229,0.319104506,0.950210463,0.607549267,white,3.243180482
186,0.931424425,0.043735308,green,0.284668383,0.450255677,0.780904616,0.209798811,white,2.729884656
195,0.046383314,0.511823786,green,0.773184803,0.962477637,0.585800469,0.703491024,white,3.64470927
219,0.329900644,0.778388765,red,0.459749191,0.255665172,0.178307344,0.22371609,white,2.302014171
226,0.130311327,0.473161312,yellow,0.110818759,0.114864333,0.093493563,0.054011881,white,2.334745829
251,0.804260938,0.018547316,green,0.26614603,0.501685619,0.538596967,0.496657685,white,2.891287119
258,0.404770769,0.319002274,yellow,0.620580713,0.881206665,0.445026953,0.58791244,white,3.334680696
259,0.523836326,0.665467283,red,0.403858506,0.57957084,0.544728409,0.456210523,white,2.823907302
262,0.767369449,0.688778288,green,0.028015041,0.162803473,0.977603716,0.528286681,white,3.202013773
265,0.17423152,0.858474501,red,0.304737067,0.904615956,0.69488749,0.084838732,white,3.068940761
266,0.443122116,0.534488239,yellow,0.596441898,0.578734908,0.214695492,0.629950281,white,3.031031395
269,0.698668391,0.809117654,yellow,0.448749113,0.470403652,0.962467198,0.571289008,white,3.410125169
274,0.049860737,0.400354117,red,0.090278369,0.480742798,0.500094774,0.820438955,white,3.083995631
278,0.949408793,0.786196309,blue,0.978166287,0.322062323,0.049905274,0.488804074,white,1.770858716
287,0.35908266,0.353177372,green,0.652456221,0.643936878,0.395748568,0.218719431,white,2.942439943
296,0.710561448,0.543435956,yellow,0.431320598,0.271332844,0.913716626,0.800458758,white,3.295451454
316,0.200049593,0.52888811,blue,0.180780414,0.845290822,0.205084214,0.655720388,white,2.377590241
321,0.145266111,0.598596664,red,0.747426771,0.239769734,0.652300992,0.887535827,white,2.792370654
328,0.002801167,0.418235284,yellow,0.855577891,0.884568979,0.228924039,0.45001333,white,3.112319537
331,0.050488668,0.384438865,red,0.248753638,0.707405993,0.47970898,0.995068563,white,3.232951802
351,0.963192404,0.128204656,red,0.721094789,0.817002229,0.07969919,0.564476144,white,2.655179319
352,0.731980634,0.005498438,yellow,0.74698708,0.173229397,0.480592136,0.220367695,white,2.34374802
376,0.975228682,0.913606859,yellow,0.676104374,0.344567695,0.865750778,0.595324066,white,3.32665383
389,0.525558997,0.253937569,green,0.526801072,0.281723551,0.346376249,0.934524536,white,2.883316816
391,0.275445061,0.153977912,yellow,0.039562648,0.561794819,0.98209433,0.108238781,white,3.020104762
405,0.738104336,0.705933409,red,0.73557147,0.049467586,0.878268095,0.940569515,black,2.384144274
416,0.151116048,0.685241484,yellow,0.122791556,0.20450406,0.365019142,0.786102331,black,2.22466203
417,0.680535961,0.528904032,yellow,0.621922344,0.477494649,0.957752573,0.73621079,white,3.501730113
418,0.540999328,0.766789815,red,0.414341871,0.715065012,0.780503006,0.829704913,white,3.384392178
429,0.502971126,0.017365175,yellow,0.414544952,0.219587548,0.158213893,0.85568337,white,2.647433348
447,0.302991064,0.264442133,green,0.183372116,0.877841103,0.501406573,0.21570266,white,3.211492544
452,0.897467766,0.522925525,green,0.62284956,0.085975157,0.827676226,0.054853759,white,2.77248432
476,0.64455389,0.049837555,yellow,0.949317947,0.521079624,0.317772798,0.020748378,black,1.837738573
479,0.07515107,0.153722374,blue,0.052341904,0.83460251,0.056516604,0.694926077,white,2.155337249
480,0.178215977,0.113097504,green,0.359964506,0.812801419,0.636436424,0.432541953,white,3.358188998
496,0.912560403,0.931286803,green,0.436548013,0.862443383,0.251874604,0.772085886,white,3.588944581
523,0.710557377,0.961564637,yellow,0.69152868,0.110530031,0.794813712,0.126247317,black,2.091033337
530,0.900726315,0.477748566,blue,0.835494452,0.854664897,0.353190908,0.652227627,white,2.705575209
539,0.33326403,0.769966924,blue,0.957359783,0.554117444,0.765867348,0.146290999,white,2.36399951
541,0.029942403,0.504180056,yellow,0.279657181,0.981809285,0.233962304,0.913140365,white,3.665436547
543,0.910267487,0.595398956,yellow,0.758375773,0.261629239,0.335534343,0.864959262,white,3.10803029
551,0.335495988,0.225876909,blue,0.353155843,0.802627933,0.437841219,0.493011405,black,1.543057369
553,0.574045486,0.364258704,blue,0.733521754,0.351749846,0.987671514,0.031952739,white,2.075233493
603,0.819603481,0.175360447,green,0.62164039,0.81636333,0.499700355,0.134506725,white,3.10272989
614,0.279766263,0.08776664,red,0.072289015,0.515187219,0.143804426,0.995245704,black,1.946328134
619,0.144451598,0.656367619,red,0.328843374,0.461909843,0.789028628,0.369871368,white,2.821262508
631,0.608261827,0.856111526,yellow,0.82635267,0.732224544,0.140249404,0.338380151,white,3.141251107
657,0.984989513,0.237622053,green,0.984970106,0.194243616,0.789220816,0.121361151,white,2.726200233
660,0.036323162,0.303700277,blue,0.973663206,0.857824323,0.032401756,0.827668327,white,2.16113849
663,0.852445403,0.098587665,red,0.342949878,0.570625977,0.942131204,0.688286175,white,3.156245912
665,0.059361125,0.139899118,red,0.203822951,0.860809759,0.600991289,0.851634369,white,3.064452125
680,0.908030301,0.267159396,green,0.251726819,0.749738341,0.804114135,0.99690486,white,3.76074932
682,0.103019079,0.01058161,blue,0.60469495,0.230885712,0.765353946,0.533133309,white,2.004135463
685,0.869300866,0.808939044,blue,0.906314585,0.895082667,0.500260955,0.397975137,white,2.705415299
687,0.565186938,0.662879082,blue,0.405373518,0.33994084,0.884907405,0.95437488,white,2.474492975
702,0.009644099,0.482254711,yellow,0.030494148,0.363928603,0.978640318,0.9230972,black,2.784499547
715,0.112976852,0.446195785,red,0.130116941,0.370177991,0.325109013,0.275825188,white,2.428307224
722,0.055565598,0.380821854,yellow,0.191954886,0.491271573,0.232705506,0.613836132,black,2.302714496
724,0.698876137,0.171898175,green,0.85477582,0.666602147,0.923135229,0.494200537,white,3.452607635
729,0.507755793,0.271898211,green,0.222336725,0.633765692,0.081142253,0.354427658,white,2.847147618
731,0.652647614,0.217491244,red,0.210565114,0.105044944,0.717814332,0.03073465,black,1.537219812
732,0.784138642,0.328919633,green,0.534590803,0.917385542,0.362143788,0.745753752,black,2.862862794
735,0.868960707,0.419001088,green,0.633009714,0.902126144,0.679798348,0.625110866,white,3.649321286
767,0.832005972,0.549239556,blue,0.896543533,0.895745552,0.639567053,0.26440519,black,1.868119736
772,0.125865071,0.828405387,yellow,0.077247694,0.741347614,0.438501368,0.69189353,white,3.496783846
780,0.217833182,0.343472669,blue,0.764232465,0.774748052,0.205420374,0.718913781,white,2.308270578
811,0.71869088,0.511055821,red,0.71843468,0.429805804,0.839321781,0.401617283,white,2.93884413
822,0.131257832,0.819374143,green,0.400324193,0.277434442,0.401055835,0.205865633,white,2.614162233
851,0.21456624,0.2296557,yellow,0.241244464,0.667523716,0.251500035,0.818014598,white,3.267247352
854,0.877410182,0.345806658,red,0.632011539,0.445595425,0.269784121,0.081908094,white,2.284659534
871,0.991129396,0.482693598,green,0.177850667,0.260485318,0.681260145,0.974596715,white,3.357838204
880,0.009667505,0.002733669,green,0.489740029,0.619370719,0.160721794,0.693216956,white,2.930486667
903,0.285686308,0.737047066,blue,0.554522399,0.329766922,0.763416952,0.674734315,white,2.372442082
904,0.02742483,0.690171407,red,0.589401341,0.060480112,0.717573699,0.285775556,white,2.418384982
907,0.831691998,0.002366819,green,0.065368518,0.921817091,0.586072336,0.11125535,white,3.288435857
914,0.267008498,0.863882307,yellow,0.797770398,0.692334545,0.940902562,0.224994404,black,2.85508529
923,0.971949727,0.099951334,yellow,0.377183168,0.241458834,0.82195635,0.36878607,white,2.805898489
924,0.838436793,0.513063398,green,0.53253974,0.554258355,0.57161112,0.0308267,white,2.966326176
925,0.790964113,0.982123348,green,0.121454148,0.211929344,0.084126618,0.07307903,white,2.418637392
949,0.065002212,0.683411155,blue,0.396343529,0.564570182,0.109888444,0.088000413,white,1.739425118
950,0.171601437,0.921678177,red,0.234259216,0.337513368,0.279309526,0.545434643,white,2.856872403
958,0.939354723,0.475622073,yellow,0.959571025,0.786322256,0.231358047,0.332795732,black,2.404064907
969,0.630428181,0.937670297,yellow,0.902705686,0.87023448,0.673989524,0.351364317,black,2.991600982
973,0.774125254,0.219607769,yellow,0.248188651,0.585342589,0.898248734,0.893181035,black,3.007639441
974,0.804007231,0.228015258,red,0.78809292,0.371296147,0.89752454,0.420683135,white,2.706098958
993,0.575066457,0.915119273,yellow,0.346985886,0.417414289,0.570348613,0.029861419,white,2.995904763
995,0.479815309,0.464348231,red,0.828097134,0.254068371,0.431549672,0.177881563,white,2.334212889
1002,0.093419152,0.799660604,yellow,0.15980491,0.295790318,0.495039908,0.076641321,white,2.739157606
1006,0.015209799,0.387669069,yellow,0.919190642,0.661192495,0.583336876,0.161018093,white,3.056799334
1014,0.966518109,0.46379719,yellow,0.207703148,0.746017512,0.17476745,0.501518105,black,2.450528396
1018,0.095192081,0.755865844,red,0.223526021,0.83550926,0.652929382,0.827906791,white,3.612456393
1019,0.294201383,0.348118038,blue,0.376214305,0.790189908,0.586324327,0.527688077,white,2.640456822
1042,0.491265063,0.05115377,yellow,0.36719004,0.953884105,0.018534083,0.789086015,white,3.169680465
1059,0.685021605,0.788572277,blue,0.981289276,0.625789499,0.859730416,0.830608567,white,2.897907434
1060,0.903003454,0.26058335,yellow,0.841865727,0.564506246,0.441367258,0.017498696,white,2.652813702
1068,0.14801698,0.521430616,green,0.372799424,0.532295022,0.067325682,0.547389125,white,3.102738919
1072,0.081935186,0.717655416,yellow,0.890601339,0.202343758,0.733952054,0.480736086,black,2.447290987
1073,0.690879236,0.359441126,red,0.901420645,0.78983892,0.286371035,0.88736402,black,2.461367837
1084,0.830400673,0.490431928,blue,0.156092749,0.465610857,0.776752182,0.120250971,black,1.614457383
1088,0.487642833,0.73776795,yellow,0.404073302,0.200928957,0.646924795,0.179287019,white,2.712677968
1101,0.759123233,0.893560292,green,0.416816325,0.63635099,0.51425184,0.475395636,white,3.235676797
1107,0.962592887,0.757797023,yellow,0.557141423,0.229791467,0.155785169,0.774099464,black,2.277929788
1114,0.352932256,0.449384481,green,0.80895348,0.131661106,0.569925583,0.566374754,white,2.761765344
1115,0.372925349,0.296985332,yellow,0.46600633,0.883157234,0.145606321,0.017113996,white,2.791887845
1129,0.655979295,0.721879722,blue,0.544990815,0.943506534,0.225364339,0.581955119,black,1.953369396
1131,0.024963879,0.792428212,red,0.524746673,0.443701981,0.20127265,0.09813668,black,1.76058206
1165,0.583125603,0.740822875,red,0.265939836,0.626142737,0.301670513,0.404163558,white,2.816062468
1168,0.514032417,0.855892142,yellow,0.356222406,0.280954359,0.456489283,0.57050107,white,2.970930116
1172,0.272726005,0.207502215,yellow,0.361502047,0.65015253,0.132312489,0.215215964,white,2.705293401
1175,0.926073771,0.019062592,yellow,0.340618316,0.893179624,0.141068164,0.284363443,black,2.330438426
1178,0.207213141,0.962276767,blue,0.465577142,0.304611369,0.421913715,0.665029055,white,2.401797362
1185,0.87475234,0.552929932,blue,0.850338614,0.84032035,0.257605117,0.258170804,white,2.184454431
1199,0.121008208,0.54074156,red,0.336082071,0.372397091,0.871687566,0.362382667,white,2.796839788
1203,0.828205063,0.703981577,blue,0.27255959,0.415100603,0.403755557,0.007408262,black,1.286095703
1209,0.117567573,0.6915011,yellow,0.455217212,0.507866878,0.974276283,0.351131757,white,3.443331688
1212,0.967400745,0.337748812,blue,0.908449398,0.612465315,0.014406787,0.80645898,white,2.159989672
1220,0.549609677,0.788145578,green,0.020393629,0.589666727,0.4541064,0.910230762,black,2.907462804
1232,0.46619548,0.8419196,red,0.729509329,0.598365906,0.783472048,0.625821497,black,2.63156003
1239,0.07699007,0.328794546,green,0.391419212,0.717328919,0.181214939,0.475899804,black,2.342829422
1254,0.631232477,0.673762121,blue,0.601156742,0.521051077,0.451989409,0.973385455,white,2.5364529
1259,0.565172509,0.582528295,green,0.551261948,0.559309338,0.82961345,0.906131048,white,3.528711835
1268,0.124921928,0.737999291,yellow,0.928735856,0.036063867,0.567703411,0.735832192,white,2.940080252
1270,0.952628509,0.373371319,green,0.036361811,0.534459634,0.936354356,0.855390895,white,3.622494373
1289,0.393655964,0.346417961,green,0.340095827,0.774294751,0.71592359,0.818972793,white,3.601601845
1291,0.532468442,0.913002372,red,0.770705312,0.75112905,0.228242453,0.109176692,black,2.046399827
1294,0.467611019,0.517420805,yellow,0.301567249,0.48605331,0.872252779,0.693778842,white,3.551141836
1296,0.350334289,0.613847301,yellow,0.507262317,0.407008745,0.237304386,0.56507989,white,2.949063839
1322,0.807665327,0.547171265,blue,0.34095022,0.305070939,0.69414086,0.991631485,white,2.465807661
1325,0.920301064,0.899180526,red,0.168185915,0.013340838,0.356185568,0.495008822,black,1.65939783
1335,0.498707556,0.64390341,red,0.973006841,0.571789801,0.962189004,0.327369066,white,3.079219074
1341,0.310602526,0.606631649,red,0.212848773,0.103990941,0.800478229,0.384872849,black,1.880592402
1349,0.857038327,0.070390922,blue,0.387595882,0.384132117,0.579739542,0.741398907,white,2.179811285
1382,0.837888457,0.021695806,blue,0.650167802,0.776195235,0.22732075,0.085630597,white,1.797004629
1406,0.976764981,0.797022104,yellow,0.452265758,0.725006507,0.231914941,0.316073151,black,2.618312582
1413,0.387470382,0.016786015,blue,0.6018595,0.878642183,0.290278159,0.909042655,white,2.352804746
1459,0.265220552,0.18403701,green,0.825929151,0.735044672,0.230871701,0.104108243,white,2.962204649
1467,0.634475669,0.101091899,yellow,0.939081677,0.410438188,0.428714538,0.386592502,white,2.728834391
1470,0.169711372,0.415818827,yellow,0.276411753,0.448489843,0.923326446,0.522147941,white,3.433949209
1506,0.100064688,0.54353319,green,0.38772414,0.969729133,0.608031251,0.90233955,white,3.917126461
1512,0.947958577,0.693322032,red,0.727620937,0.289160901,0.22320764,0.611696696,white,2.367854532
1516,0.459575004,0.612498692,yellow,0.169097727,0.088407101,0.238101807,0.261116512,black,1.776749335
1520,0.512257222,0.710397973,red,0.726757427,0.480276796,0.656051328,0.727294572,white,3.155333684
1524,0.519152937,0.522868617,red,0.62217614,0.386573778,0.84405562,0.323094538,white,3.000279271
1530,0.342543198,0.226403712,green,0.786896522,0.916378539,0.420241383,0.889015035,white,3.455304535
1547,0.715906044,0.729590362,green,0.032853188,0.102375227,0.876500638,0.087251393,white,2.830010498
1561,0.396717198,0.437523154,red,0.531375092,0.008883397,0.926332474,0.023224268,white,2.202015584
1574,0.594342806,0.842044317,yellow,0.620876259,0.627033599,0.156699793,0.956529301,white,3.495899891
1575,0.645088066,0.022390913,blue,0.970098227,0.256918927,0.845806018,0.959409199,black,1.677057641
1578,0.913497024,0.639220024,red,0.211731986,0.988197337,0.990656683,0.334100842,white,3.460491232
1583,0.38886469,0.716810959,red,0.820807799,0.488121253,0.73762843,0.739385847,white,3.2092665
1598,0.134231456,0.276405665,yellow,0.947388362,0.451137656,0.21312307,0.185358594,black,1.930525177
1603,0.252797617,0.241779768,green,0.452594251,0.054502541,0.102351131,0.840108132,black,1.831204331
1604,0.038310784,0.680932979,red,0.27180997,0.915307876,0.001642772,0.462060247,black,2.323584275
1605,0.652644257,0.786808023,blue,0.376281667,0.8377107,0.90033312,0.756009716,white,3.104683189
1606,0.502976899,0.671149852,red,0.965419874,0.21548553,0.755808539,0.401049565,white,2.647372241
1615,0.656529018,0.536849391,blue,0.391117358,0.124031956,0.495684702,0.678698542,white,1.979093726
1628,0.142942108,0.216660891,blue,0.734992191,0.495650251,0.983673538,0.854938362,white,2.597616928
1641,0.147646593,0.492539915,blue,0.811289707,0.264707173,0.594377218,0.828371475,white,2.23165027
1642,0.552132921,0.479119485,blue,0.878242442,0.344039344,0.921947431,0.357714784,black,1.519851274
1644,0.008559595,0.187497349,red,0.104322204,0.27087978,0.080615957,0.435508696,white,2.093220854
1645,0.360393311,0.797306821,green,0.692391476,0.570167739,0.70838449,0.008284796,white,3.172886525
1670,0.098049936,0.69236897,blue,0.441370005,0.940594171,0.474021246,0.572912828,black,2.223859967
1676,0.039392796,0.518009784,green,0.666482902,0.866318936,0.485472359,0.192162612,white,3.271648653
1682,0.366059991,0.143126315,blue,0.367422972,0.190990028,0.248207095,0.713241949,black,0.981376089
1701,0.97276834,0.694202238,yellow,0.492171115,0.509610275,0.797809062,0.318101727,white,3.252565446
1710,0.138405647,0.185643098,blue,0.190177693,0.745158629,0.883523823,0.481985483,black,1.888891598
1718,0.486717222,0.5699378,yellow,0.415318912,0.410770148,0.706805502,0.118088324,white,2.933262686
1730,0.88570941,0.538305891,green,0.048356481,0.346678443,0.440165488,0.061392647,white,2.758711559
1741,0.295156896,0.594556291,green,0.569350111,0.856161055,0.780012197,0.381587369,white,3.596650776
1767,0.824943973,0.000709535,green,0.934168052,0.533948448,0.887336155,0.847649618,white,3.522359914
1779,0.424185775,0.169696616,red,0.184364587,0.4953081,0.499842647,0.049556552,black,1.698648249
1781,0.207702612,0.426112809,green,0.18267601,0.379451891,0.519948977,0.93966248,black,2.661946111
1782,0.269920267,0.209302188,blue,0.843538605,0.585946309,0.986009538,0.106976609,black,1.734767531
1805,0.58219088,0.334658008,red,0.260442332,0.500579618,0.394972546,0.474547415,white,2.604097268
1828,0.38447947,0.536330672,red,0.020126715,0.308031319,0.447960022,0.010359296,white,2.335389743
1831,0.630826827,0.699390487,blue,0.587364073,0.354444601,0.498505717,0.317247238,white,2.062716988
1837,0.863227404,0.363233766,green,0.558796664,0.443842469,0.935989809,0.453698677,white,3.358733364
1844,0.014388094,0.799299872,blue,0.806023469,0.719679335,0.760544529,0.931985159,white,2.988354647
1849,0.744349288,0.758637681,yellow,0.325826813,0.148833479,0.148412076,0.153889148,white,2.390634445
1877,0.308816782,0.195938367,green,0.633354802,0.635562671,0.922426566,0.953411839,black,3.034433349
1885,0.479856586,0.295546348,green,0.884882426,0.115488039,0.091601192,0.21245432,white,2.115622264
1905,0.51915592,0.089388527,yellow,0.07284198,0.463160205,0.745204889,0.100181153,white,2.835894071
1909,0.656174641,0.621201025,yellow,0.153626294,0.244392384,0.937476222,0.673081637,white,3.350303952
1925,0.582772288,0.865993462,red,0.382298325,0.548005985,0.505911807,0.930399965,black,2.39800644
1932,0.12779459,0.474149488,yellow,0.950040214,0.606128454,0.046346802,0.644158568,white,2.788247424
1934,0.815737078,0.886491787,yellow,0.621209133,0.308501996,0.756512588,0.214650435,white,3.015078343
1964,0.105063999,0.915979051,yellow,0.900309692,0.540673732,0.785296612,0.596577527,white,3.672395454
1976,0.039599967,0.778199507,green,0.930877947,0.572531109,0.999270782,0.277020354,white,3.340651164
1978,0.812664016,0.357467869,red,0.639054637,0.916911738,0.020067748,0.332236107,white,2.5349904
1981,0.771686653,0.088877711,blue,0.307600016,0.771339794,0.416501736,0.716437967,white,2.419265763
1992,0.025596671,0.647078576,blue,0.983481385,0.473172605,0.698312156,0.252933341,white,2.188585849
2009,0.280053601,0.05236053,yellow,0.157213165,0.696549491,0.577357611,0.050921648,white,2.726322965
2010,0.821808803,0.009320379,green,0.796112428,0.318636598,0.506913017,0.247397961,white,2.415178119
2019,0.390683817,0.570123487,yellow,0.960238545,0.290923065,0.492249791,0.743678417,white,3.006567406
2020,0.370341218,0.838267483,red,0.453745651,0.237033268,0.63644605,0.367974374,white,2.669318182
2022,0.206786843,0.868087943,yellow,0.61048452,0.777355644,0.518675688,0.037952119,black,2.629036493
2024,0.971433425,0.958479676,blue,0.998281551,0.895612498,0.913880898,0.640710177,white,2.892183657
2028,0.424465396,0.996489983,red,0.375245851,0.449877051,0.693152593,0.830138082,white,3.276020883
2042,0.999689641,0.579736793,yellow,0.373263352,0.668229242,0.803022535,0.285120233,white,3.111682906
2056,0.636604175,0.082126737,blue,0.481887361,0.983506799,0.146886425,0.340492607,white,2.322328883
2062,0.305972939,0.751589643,green,0.402767068,0.236882647,0.899098965,0.085876205,white,2.90421303
2063,0.856427459,0.724022278,red,0.457489536,0.080786007,0.675291408,0.432718713,white,2.590743297
2098,0.217131729,0.960373805,red,0.169522734,0.254550196,0.016299582,0.342569011,black,1.54347584
2099,0.950359474,0.733808994,green,0.510457443,0.776968497,0.131504235,0.949638895,white,3.519498703
2105,0.015398064,0.750884703,green,0.221758479,0.079878193,0.606182202,0.583327408,white,2.989352715
2124,0.135105674,0.151459116,yellow,0.729545446,0.980792827,0.405834636,0.969014619,white,3.526018135
2125,0.207372949,0.908585305,red,0.474030453,0.059477226,0.756034206,0.14820709,white,2.555701852
2130,0.505579917,0.838419155,yellow,0.382180998,0.198451129,0.417654028,0.923282439,white,3.060852187
2143,0.317391847,0.398489616,yellow,0.897157149,0.702994689,0.9038225,0.594597892,white,3.571452611
2156,0.306691256,0.551042118,yellow,0.646819575,0.943587007,0.994511134,0.59761226,black,3.430097712
2160,0.03294631,0.367899368,yellow,0.70606337,0.085075424,0.706242257,0.637821712,white,2.834584128
2181,0.522103319,0.851399553,green,0.748105076,0.256916977,0.445054337,0.572187828,white,2.999500475
2196,0.642176364,0.184115568,yellow,0.513342596,0.223395756,0.623235426,0.151195625,white,2.631314289
2201,0.432733994,0.022092985,blue,0.745301763,0.788821311,0.373174121,0.570559722,white,2.107237405
2203,0.190826015,0.29964456,green,0.976133179,0.283521624,0.84249737,0.312956785,white,3.013401151
2204,0.316834637,0.81478247,yellow,0.772958409,0.015450084,0.765546306,0.741607051,black,2.437892285
2205,0.302483745,0.327791999,red,0.984116932,0.410818561,0.925697322,0.925217377,white,3.363351553
2219,0.565824009,0.790679235,yellow,0.718923987,0.595219798,0.793915452,0.08432249,white,3.362949839
2230,0.816175981,0.985113524,yellow,0.108890901,0.701232006,0.207730654,0.697613578,white,3.424579204
2250,0.837418287,0.948340971,red,0.616108189,0.803615658,0.862376033,0.357149961,white,3.288446861
2253,0.892080522,0.020317078,blue,0.193330772,0.30230006,0.111909351,0.14529707,white,1.356325749
2260,0.634715644,0.997015242,red,0.395055722,0.320711124,0.399047357,0.686217192,white,2.869625814
2262,0.31361321,0.678726903,blue,0.530968728,0.350120021,0.020269063,0.447582876,white,1.879167327
2270,0.706017683,0.675858664,green,0.13013841,0.240297,0.777324924,0.49378634,white,3.109374094
2303,0.380470691,0.432179843,red,0.237787698,0.331786501,0.863432827,0.697110399,white,2.699338081
2304,0.164066867,0.449966352,blue,0.483930527,0.029336262,0.056167754,0.568294264,white,1.520022053
2306,0.870668059,0.88562084,yellow,0.47168838,0.769874109,0.994606811,0.958647126,black,3.395781739
2324,0.653390127,0.629077859,blue,0.287289626,0.12554949,0.808483506,0.040839352,white,1.892357706
2325,0.041296919,0.761609246,red,0.985926436,0.106649551,0.678345449,0.926763447,white,3.023544316
2332,0.980724032,0.14606731,yellow,0.946035268,0.991197091,0.79502839,0.998156271,white,3.845338938
2338,0.310647359,0.507733819,green,0.012450162,0.019872568,0.045206243,0.986439879,white,2.645595449
2339,0.658189778,0.029120007,red,0.80945573,0.172694888,0.669929414,0.303848736,white,2.430896682
2349,0.10268421,0.128205059,green,0.057374253,0.656763031,0.752410749,0.361405545,black,2.276713024
2356,0.753025604,0.90127813,blue,0.799113725,0.234428564,0.821123035,0.971660136,white,2.600654324
2364,0.090244211,0.155677304,blue,0.27295226,0.038507253,0.744462898,0.350608904,white,1.976107153
2417,0.528619123,0.357700704,yellow,0.97480233,0.681380114,0.294796956,0.295024175,black,2.177308033
2436,0.171955358,0.133780623,blue,0.783581155,0.89968918,0.198742884,0.83402326,white,2.427064365
2437,0.872873907,0.571655242,red,0.204970503,0.419826327,0.629961044,0.434124916,white,2.866692142
2456,0.118867392,0.170800023,blue,0.661794007,0.799062804,0.28184606,0.938086934,white,2.479341602
2471,0.544852541,0.896117065,blue,0.71518528,0.998993601,0.505902803,0.694423791,white,2.949739709
2498,0.195060693,0.719978329,red,0.060962559,0.597669711,0.263239708,0.419353171,black,2.175137639
2511,0.867080285,0.069741684,green,0.001214243,0.710796308,0.846374533,0.756964887,white,3.465964039
2527,0.683173478,0.039544309,red,0.571576286,0.110937655,0.192210142,0.085995805,white,1.805628649
2529,0.221602416,0.928558495,yellow,0.734361389,0.334450506,0.432988482,0.019737801,white,2.81021521
2541,0.986373084,0.028626092,green,0.836161505,0.544192913,0.367438188,0.010796062,black,1.805462202
2559,0.043653723,0.322775856,green,0.087511166,0.157093777,0.589186511,0.525117171,white,2.86123347
2568,0.931164372,0.085396591,green,0.198948483,0.528029195,0.457230805,0.954602186,white,3.299575227
2580,0.510393491,0.501798319,blue,0.241480908,0.56483423,0.222778997,0.680266692,white,2.22380229
2586,0.906771584,0.636751657,red,0.914260867,0.781895887,0.476698181,0.183067542,white,2.965881118
2590,0.262617726,0.354625602,red,0.605526925,0.688507961,0.977678437,0.324597654,black,2.585944985
2597,0.262019728,0.689526981,blue,0.981790141,0.644305772,0.15284947,0.241847831,white,2.036217811
2609,0.726028591,0.110182769,red,0.249278879,0.701175732,0.806482184,0.753854885,white,3.075574262
2611,0.488920525,0.841065817,green,0.460112561,0.58573571,0.70480981,0.12490269,white,3.372047928
2612,0.613103571,0.649218364,yellow,0.225831825,0.739766749,0.636630465,0.75149143,white,3.518658254
2617,0.49373041,0.707367018,blue,0.996130037,0.970141886,0.727951361,0.017425382,white,2.725802489
2628,0.661599523,0.041014455,red,0.63389081,0.107163531,0.913001754,0.350590007,white,2.348951119
2629,0.642810505,0.550583001,blue,0.696894478,0.427546428,0.934788963,0.226127747,white,2.335555526
2642,0.101349407,0.478255281,green,0.936210064,0.167696194,0.338934486,0.772631589,white,2.771448395
2655,0.92428082,0.105973462,red,0.528358373,0.577336568,0.644359082,0.739019594,white,2.866612712
2662,0.446492794,0.537950881,blue,0.849335617,0.943796233,0.389584718,0.316166072,white,2.490775044
2665,0.07403651,0.938013815,green,0.456792307,0.70342646,0.077118471,0.398022944,white,3.079328706
2676,0.286254913,0.802054116,red,0.483282055,0.811819972,0.994000446,0.241324602,white,3.461434439
2693,0.531454514,0.47579024,blue,0.657896298,0.238879197,0.001327022,0.028105908,white,1.358713238
2711,0.845263512,0.316303816,yellow,0.052775342,0.51953031,0.153479865,0.46738725,white,2.744938867
2755,0.482091122,0.90921627,blue,0.69571251,0.380974412,0.058307171,0.927653495,white,2.237450318
2761,0.28506323,0.013455367,blue,0.552600825,0.491229742,0.603857655,0.447260682,black,1.550236288
2788,0.383110541,0.765509653,red,0.112894352,0.555542625,0.023920984,0.636359239,white,2.766992238
2798,0.761015276,0.220720403,blue,0.251973488,0.778913003,0.062292118,0.428966747,white,2.093976578
2803,0.123032622,0.502920292,yellow,0.866363951,0.61409475,0.253172009,0.027775203,white,2.756353731
2808,0.263430756,0.78629807,blue,0.665456577,0.730014122,0.484728541,0.674128103,white,2.619657445
2810,0.414652685,0.457592144,red,0.007318678,0.861733373,0.987325207,0.54501259,white,3.496548775
2814,0.677953549,0.079624176,green,0.407442008,0.459255125,0.819013633,0.868473636,white,3.371176532
2821,0.839462755,0.022245956,green,0.024395016,0.306341266,0.365188324,0.894936425,white,2.851123738
2826,0.526501549,0.751731244,red,0.458816543,0.061004834,0.84772179,0.949290572,white,2.942979468
2828,0.187893292,0.489699634,green,0.115340194,0.061433173,0.01673817,0.484175096,black,1.835811648
2830,0.544358177,0.165317936,red,0.399149465,0.222757154,0.184312961,0.426702797,white,2.055111972
2845,0.975535886,0.205541196,yellow,0.345337394,0.304381116,0.448560539,0.879474578,black,2.301982962
2847,0.166432702,0.810486206,red,0.580297716,0.871474854,0.33612303,0.335060428,white,2.936267668
2864,0.032166523,0.84455134,green,0.906404657,0.421918284,0.219851064,0.953775573,white,3.339824283
2869,0.68765947,0.259025503,yellow,0.160248164,0.783498695,0.938633653,0.512330323,white,3.359550102
2875,0.85016318,0.321721654,yellow,0.208516526,0.286893321,0.80558196,0.948984769,white,3.511687834
2889,0.473510378,0.919883732,blue,0.197267267,0.556185865,0.189042337,0.730060939,white,2.364223187
2896,0.978135684,0.913709207,yellow,0.826666055,0.925649508,0.524245731,0.687001844,white,3.827743077
2904,0.801281414,0.806407897,blue,0.53086271,0.47288071,0.566744854,0.156947041,white,1.999820121
2914,0.551067417,0.311907839,yellow,0.675319894,0.668544441,0.341885399,0.599587136,white,3.287309686
2925,0.77134227,0.905816013,yellow,0.754449583,0.416832509,0.223784834,0.431339959,black,2.257030331
2926,0.9273024,0.634013709,yellow,0.681921144,0.611596232,0.814611174,0.722735847,black,3.047854295
2951,0.143552639,0.685909846,green,0.527159043,0.442235559,0.74748618,0.547467288,white,3.340432553
2978,0.468672745,0.288787693,green,0.71768432,0.288937229,0.684758298,0.559490742,white,2.897834863
2990,0.128050287,0.568733564,green,0.956716752,0.463823326,0.129910755,0.799886274,white,2.806798395
3006,0.623608973,0.308230639,red,0.195856749,0.87930125,0.60052764,0.665111077,black,2.652224252
3055,0.942104935,0.449482888,green,0.943427139,0.5495416,0.291365797,0.682995357,white,3.109418869
3058,0.189214508,0.318573297,blue,0.896194312,0.200660226,0.790257552,0.407387626,white,1.840499242
3066,0.898462103,0.948019473,red,0.992305689,0.930943721,0.090933197,0.664342685,white,3.259259289
3081,0.791318964,0.826515077,yellow,0.764730927,0.039613238,0.053666389,0.161321272,black,1.563797824
3085,0.720899013,0.414439669,green,0.081586975,0.283565241,0.814700928,0.57621089,white,3.23454702
3091,0.69407464,0.114127398,green,0.995019555,0.887132545,0.255340317,0.543232646,white,3.380393131
3095,0.634407472,0.836883147,yellow,0.151356257,0.303884553,0.854935863,0.440207306,white,3.321162138
3124,0.232858389,0.272608667,green,0.878677386,0.732577947,0.170409893,0.765094327,white,3.191755218
3127,0.626442428,0.09492335,blue,0.340693793,0.291889121,0.961326069,0.245044936,white,1.910014512
3138,0.36330873,0.161125002,red,0.186019764,0.085121818,0.487434565,0.080395857,white,1.961478204
3139,0.525718426,0.62265,yellow,0.884280335,0.340612849,0.841575789,0.624397355,white,3.183300052
3169,0.524976783,0.000369193,red,0.937878554,0.466029888,0.469153194,0.424586144,black,2.001703715
3170,0.779448949,0.377739737,yellow,0.340234395,0.69189074,0.851855958,0.741055317,white,3.562226306
3173,0.043769371,0.533571674,yellow,0.506657675,0.218303171,0.43056592,0.05477227,white,2.546257738
3176,0.686918422,0.828422479,yellow,0.735885827,0.357695592,0.941874281,0.823885003,white,3.660418158
3184,0.556779875,0.640692781,blue,0.868203005,0.134043042,0.713327806,0.508168191,white,2.218122603
3197,0.464829094,0.418934053,red,0.043736515,0.563154831,0.766045371,0.913023994,black,2.46479978
3205,0.338184295,0.333012324,red,0.249958244,0.357114217,0.049999758,0.53242379,white,2.189409163
3208,0.826579094,0.291792258,yellow,0.107280748,0.57529702,0.140753536,0.800239841,white,3.040797735
3214,0.733067505,0.555908548,green,0.639490013,0.259224319,0.86526699,0.432654122,black,2.438545114
3224,0.068189093,0.035627088,blue,0.70968086,0.607058436,0.614579906,0.130171802,white,2.032530957
3228,0.370123062,0.836958037,red,0.763349772,0.77669879,0.669152704,0.981772649,white,3.500844488
3233,0.519762451,0.460662019,blue,0.236435597,0.774068308,0.802271632,0.918392297,white,2.84737985
3272,0.668703788,0.156448205,green,0.901144907,0.19234683,0.500232084,0.131421411,white,2.35858106
3280,0.413953321,0.712536462,red,0.426314425,0.190561645,0.267098255,0.015125244,black,1.601756933
3290,0.361136646,0.954894631,green,0.221501094,0.39409696,0.123898657,0.187456387,white,2.768544246
3291,0.296831591,0.050418718,green,0.374236568,0.961693157,0.792817836,0.410661998,white,3.472318066
3344,0.026031657,0.986560774,blue,0.274806785,0.787168141,0.940955593,0.137661579,white,2.718440354
3350,0.31481992,0.399262022,yellow,0.621912025,0.637995443,0.198852161,0.335312565,white,2.892761331
3358,0.702514333,0.600537724,yellow,0.434410194,0.045228847,0.988383623,0.719468364,white,3.017229475
3359,0.176364112,0.92369449,green,0.695914419,0.318423017,0.367311266,0.3273202,white,2.84012149
3367,0.82211472,0.211666738,blue,0.336685701,0.806562636,0.665118295,0.047234892,white,2.202844417
3374,0.284353471,0.874104596,green,0.652207467,0.337431323,0.949771993,0.794191978,white,3.513028815
3376,0.127784614,0.869689198,green,0.442150336,0.727118656,0.732942143,0.169134823,white,3.421958944
3397,0.632304715,0.944765954,red,0.89201654,0.69509909,0.574597711,0.495285219,white,3.162779057
3412,0.782588303,0.37985833,yellow,0.608351909,0.778918464,0.496062413,0.26432829,black,2.639353283
3436,0.890698612,0.515073757,yellow,0.944595743,0.670302668,0.20955088,0.179442941,white,2.727476537
3446,0.849514927,0.260590689,blue,0.83749313,0.297737537,0.98510738,0.565022766,black,1.68906444
3454,0.417665001,0.340737116,green,0.890732955,0.991544668,0.770329476,0.753477775,white,3.980509297
3456,0.411381598,0.653205505,red,0.612299867,0.207459389,0.483355131,0.182625313,white,2.272701697
3457,0.849585231,0.390831869,red,0.008039868,0.910810097,0.718425216,0.827872222,white,3.414993192
3461,0.29321038,0.235145328,yellow,0.760615108,0.063766725,0.650332846,0.808055053,white,2.842757868
3476,0.790145966,0.141229216,blue,0.859917192,0.268873796,0.10942188,0.475035626,white,1.386865556
3507,0.977012771,0.25672105,yellow,0.077691101,0.669497464,0.436868612,0.254547495,white,2.848822156
3514,0.248188462,0.766507129,red,0.724605046,0.515183749,0.884406724,0.467746936,white,3.185132295
3525,0.921601782,0.389971444,yellow,0.38833915,0.713229092,0.780472063,0.614782264,white,3.599391118
3532,0.953162825,0.316682299,red,0.629941431,0.89993587,0.121077352,0.156335996,white,2.763420787
3539,0.570628893,0.760904633,blue,0.858495123,0.502395049,0.61431541,0.546961593,black,1.929298915
3543,0.525648206,0.367911725,red,0.435509214,0.212478109,0.853696891,0.758956121,white,2.837993685
3544,0.131300971,0.30523837,yellow,0.232329508,0.546321667,0.79809212,0.005643849,white,2.92816736
3566,0.90236927,0.700628424,blue,0.330561942,0.674541127,0.207646562,0.865646491,white,2.329288611
3571,0.442061087,0.08420891,red,0.950399625,0.344996192,0.279712733,0.338699484,black,1.387457821
3575,0.207513038,0.87739561,blue,0.571244214,0.443895377,0.05131825,0.508332036,black,1.303016404
3578,0.551761838,0.304352198,blue,0.08546825,0.606738773,0.126706173,0.60591112,white,1.883397972
3582,0.061241406,0.050432866,green,0.77996115,0.562365216,0.640508493,0.196484684,white,2.870768404
3584,0.041943243,0.73036098,yellow,0.452133755,0.635107606,0.387655787,0.685843991,white,3.405848179
3586,0.525927284,0.927520365,yellow,0.992294235,0.747697108,0.897730023,0.427538521,white,3.711627897
3591,0.052501113,0.412381356,blue,0.544817149,0.653190932,0.900648094,0.619380901,black,2.037191116
3595,0.499316776,0.108581556,yellow,0.064581525,0.374671299,0.976307812,0.825701644,white,3.379463786
3599,0.649755513,0.38475022,green,0.301949433,0.234915601,0.017373949,0.246862183,white,2.470441279
3601,0.259106218,0.566542904,blue,0.359106113,0.689029647,0.928123134,0.293187063,white,2.364140725
3602,0.810688222,0.104483998,red,0.733844299,0.057794502,0.28503891,0.491901712,black,1.293186715
3610,0.039554205,0.397319446,blue,0.420408873,0.533926288,0.959540801,0.609913017,white,2.493409101
3611,0.718626732,0.53242571,blue,0.430264089,0.236466121,0.456854043,0.74962494,white,2.088097492
3629,0.733044547,0.12198515,blue,0.043797005,0.871875998,0.116352216,0.822325194,white,2.376335166
3652,0.775691204,0.455476566,yellow,0.589972046,0.374121131,0.542043143,0.820442354,black,2.520711141
3660,0.472960746,0.343251429,red,0.260550419,0.742885725,0.969311183,0.299726651,white,2.852373881
3683,0.577560543,0.966448197,green,0.864475284,0.834529518,0.216386845,0.772643957,white,3.622698738
3698,0.46879334,0.99702472,green,0.421311187,0.424832967,0.857295003,0.907197034,white,3.701759576
3711,0.005516886,0.815132481,yellow,0.596975466,0.105820059,0.840691496,0.166711311,white,2.982875274
3717,0.884433637,0.719625911,green,0.988330833,0.834661063,0.390715302,0.912662463,black,3.021947595
3722,0.438856019,0.506537189,red,0.760561313,0.046966923,0.592560402,0.790284005,black,1.81647246
3723,0.420506808,0.415678691,yellow,0.300857026,0.325187284,0.328594566,0.665149859,white,2.969981144
3739,0.137062745,0.387522955,yellow,0.830092931,0.543843301,0.146043216,0.551966036,white,2.850139368
3760,0.78394603,0.56863611,yellow,0.491144849,0.641212759,0.226019491,0.398984546,white,2.773174582
3792,0.712191498,0.799811319,blue,0.54757166,0.350596899,0.850710069,0.740032353,white,2.532753848
3798,0.104253059,0.836243375,blue,0.408783368,0.593887148,0.74000512,0.638930967,black,2.091280447
3809,0.246919545,0.450070092,yellow,0.122686242,0.859469262,0.427587045,0.606442063,white,3.347699767
3821,0.858725285,0.168137855,blue,0.385824288,0.406148502,0.851314451,0.452916226,white,2.176960007
3837,0.156818507,0.04413524,blue,0.406267948,0.377382807,0.161844929,0.88595972,white,2.060620871
3838,0.314207744,0.815298736,green,0.323729851,0.592274731,0.538194279,0.057229798,black,2.490520449
3853,0.102390946,0.979917703,green,0.695750101,0.646097396,0.398586051,0.473563435,white,3.318116786
3859,0.848197888,0.790444897,green,0.331526916,0.248461791,0.361342964,0.07096711,black,1.929374747
3861,0.181388927,0.042931363,red,0.738401132,0.175270016,0.597583935,0.305394222,black,1.692342232
3895,0.316291931,0.320295959,blue,0.77905934,0.309963457,0.483188362,0.674869168,black,1.574821739
3899,0.382646281,0.923017088,red,0.770111516,0.423797178,0.837937725,0.914378932,white,3.424866904
3905,0.818314973,0.245830018,red,0.023002935,0.557180904,0.466523082,0.586865472,white,2.788414927
3928,0.512850831,0.044150064,green,0.423461433,0.250999149,0.364355831,0.838950576,white,2.987012859
3931,0.55207446,0.823036232,blue,0.931416807,0.240995726,0.62939682,0.569612835,black,1.591707085
3947,0.392313031,0.906110224,green,0.175887516,0.26439345,0.260374609,0.322832111,black,2.015714277
3950,0.877416223,0.735858658,blue,0.739188412,0.21753373,0.332852314,0.695581101,white,1.930175953
3951,0.29743129,0.081795104,blue,0.324150249,0.732285542,0.277671669,0.288569742,white,1.871325657
3955,0.38642863,0.224325415,green,0.602772404,0.166602096,0.500705778,0.514084845,white,2.616007807
3956,0.341552571,0.798342981,blue,0.585307305,0.178826289,0.965210927,0.348129402,white,2.297230079
3960,0.133516981,0.866768682,green,0.957624148,0.198168406,0.818797886,0.179107787,white,3.11050563
3969,0.764000549,0.236434146,yellow,0.100221106,0.672642217,0.161506153,0.971306258,white,3.050124707
3984,0.453638267,0.551624732,green,0.210763437,0.817564693,0.694767214,0.500962486,white,3.645123583
3987,0.739788297,0.919977354,yellow,0.583478336,0.622414369,0.030524073,0.792206055,black,2.517594444
3988,0.022831561,0.664044768,green,0.695901832,0.447750369,0.862827544,0.456662686,white,3.263112265
3994,0.553086508,0.540122058,blue,0.02179543,0.177556456,0.357704175,0.700554655,white,2.012857026
4000,0.809315174,0.817300207,green,0.608648602,0.5424949,0.422179002,0.773044256,white,3.558649218
4006,0.298412137,0.771361778,blue,0.057533961,0.620520039,0.778736775,0.210930701,white,2.336694905
4016,0.889908097,0.837042263,blue,0.32438205,0.941674483,0.959869257,0.155909655,white,2.909054636
4023,0.373719886,0.819551269,blue,0.590723948,0.638322709,0.493390011,0.664003379,black,1.791924853
4028,0.355837809,0.570183307,red,0.199287251,0.951052223,0.33535659,0.219178047,white,2.978277176
4036,0.267952435,0.19083911,green,0.000591661,0.897723515,0.177044794,0.727189411,white,3.238561022
4042,0.730146361,0.600743075,green,0.084925498,0.55903765,0.806820094,0.496563688,white,3.312954814
4057,0.528583962,0.158606261,yellow,0.406104995,0.860856532,0.955628495,0.20313331,white,3.370143702
4063,0.794259565,0.140421245,red,0.257016027,0.16854464,0.483037303,0.810389811,white,2.247105303
4071,0.598367843,0.968383512,red,0.40532604,0.620094739,0.281938674,0.786218532,black,2.513483074
4075,0.611023714,0.63839083,red,0.31614166,0.097063952,0.035100833,0.218295303,white,1.962451567
4076,0.855874439,0.415553268,green,0.262061023,0.35348395,0.118723302,0.101253292,white,2.483316075
4077,0.453110286,0.12593898,green,0.35948066,0.320834644,0.455591038,0.710049323,black,2.118440101
4083,0.340672079,0.87411568,yellow,0.658912628,0.679099893,0.770213529,0.566402267,white,3.630914609
4086,0.683184917,0.559925939,green,0.638261736,0.690465846,0.157117364,0.046852376,white,2.919880703
4104,0.320671868,0.788433613,green,0.569964546,0.579557246,0.047779088,0.552938761,white,3.064447085
4130,0.110171649,0.091496375,green,0.456666881,0.870422252,0.441197085,0.435625259,black,2.674930472
4131,0.240294474,0.104429606,red,0.823857028,0.240634856,0.308097192,0.627524863,white,2.362983071
4132,0.578553821,0.297128082,red,0.376867464,0.462409546,0.805041392,0.436511124,white,2.733303177
4143,0.0065726,0.852303352,red,0.324297967,0.299580658,0.257237755,0.72393787,white,2.545272753
4157,0.509946587,0.958145584,red,0.62317291,0.601865404,0.056691928,0.180612839,white,2.519748983
4197,0.027717567,0.735735162,yellow,0.381307215,0.553413557,0.136571574,0.756623414,white,3.147703581
4201,0.599928532,0.43757904,yellow,0.603764722,0.538556539,0.912389394,0.607440923,black,2.69505371
4202,0.906438295,0.749995031,green,0.73137222,0.560484954,0.095645489,0.387456788,white,2.695487406
4210,0.690071189,0.173976401,blue,0.146571066,0.673675524,0.935365302,0.16232625,white,2.441045067
4223,0.354652526,0.390899448,red,0.501429094,0.02972252,0.226535736,0.125927841,white,1.5521664
4231,0.685081714,0.466269168,red,0.161974737,0.812374581,0.776668784,0.815223252,white,3.258421875
4237,0.559451191,0.932398393,yellow,0.589896023,0.276736041,0.122540028,0.018161311,black,1.909538643
4244,0.046209237,0.389218568,blue,0.425195594,0.116852827,0.497719128,0.664204967,white,1.895373779
4258,0.212003635,0.717192608,green,0.244837659,0.109056263,0.955032245,0.628379687,black,2.462888923
4270,0.003438956,0.907003961,blue,0.126066036,0.836368008,0.933636985,0.047756897,white,2.623520058
4272,0.126000703,0.254232765,yellow,0.638749331,0.758612594,0.664566552,0.254091325,black,2.529397878
4273,0.919006487,0.081793029,blue,0.703496755,0.029460756,0.915520315,0.646752872,white,1.881893362
4275,0.254263895,0.949144353,red,0.020950064,0.514430105,0.125968446,0.605705253,white,2.829291568
4277,0.235735096,0.930984614,yellow,0.058158459,0.938415438,0.365321235,0.558097354,white,3.434982046
4286,0.437819639,0.202558256,yellow,0.543999942,0.588681518,0.977078566,0.549920905,white,3.423200978
4307,0.952564626,0.994746877,red,0.180907181,0.526409316,0.34977662,0.136466807,black,2.137602308
4328,0.264521058,0.182147798,blue,0.123392622,0.295765446,0.81780849,0.053116084,white,1.730511825
4342,0.877424751,0.461711874,green,0.020814119,0.409276887,0.860085998,0.858197854,black,2.897993284
4344,0.796863125,0.782189098,blue,0.121507478,0.752219975,0.090376671,0.173557051,white,1.963716668
4349,0.088263374,0.829975402,green,0.050748317,0.460951799,0.150324685,0.060433521,white,2.770264888
4357,0.487021334,0.899172924,red,0.570262742,0.0285893,0.468946472,0.238022653,white,2.399695751
4359,0.743890272,0.98773425,yellow,0.371034948,0.658504075,0.640600937,0.697643401,black,3.232651136
4365,0.407399157,0.013184347,yellow,0.636193495,0.745072874,0.578554784,0.506959985,white,3.36010648
4379,0.518651998,0.681173431,red,0.766269329,0.126020854,0.512132256,0.744365562,white,2.55639385
4381,0.1938523,0.202416788,blue,0.267555233,0.73088852,0.826155864,0.861257704,black,2.218058888
4384,0.868327242,0.022393762,yellow,0.142283522,0.858956475,0.702813062,0.92400096,white,3.575755503
4395,0.059475144,0.07828497,yellow,0.936090636,0.680148342,0.014539731,0.650512364,white,2.962845765
4402,0.623759135,0.880519575,blue,0.34339902,0.344119978,0.481028088,0.192697697,black,1.342109767
4417,0.595674117,0.287061898,blue,0.660085781,0.1232586,0.60634087,0.928749203,black,1.510379346
4420,0.011202845,0.992067532,blue,0.377729238,0.181338163,0.459988168,0.947128243,white,2.122313602
4436,0.944643377,0.462179665,red,0.843127748,0.956303089,0.758762955,0.749600203,white,3.554849682
4437,0.680814967,0.166959476,blue,0.599113203,0.792246846,0.64038389,0.40758038,white,2.424198581
4441,0.69238677,0.11352349,blue,0.683833688,0.813055716,0.591008027,0.812903966,white,2.57857597
4445,0.786918293,0.283765191,blue,0.134153978,0.140830376,0.824905188,0.823734433,white,2.333119473
4448,0.105562894,0.42904093,red,0.048705747,0.702315064,0.726315656,0.730847091,white,3.3201863
4450,0.375164824,0.080996479,blue,0.176962992,0.618380412,0.974692317,0.334979336,white,2.400878948
4451,0.547241731,0.571724487,yellow,0.184474539,0.868412395,0.016515743,0.70434018,white,3.32073062
4459,0.824702014,0.355172521,yellow,0.570652604,0.033552336,0.493230339,0.156386388,black,1.620009546
4461,0.809477645,0.573297502,red,0.230435272,0.226431985,0.459971278,0.525017928,black,1.927750009
4467,0.246021595,0.285838201,blue,0.37919679,0.370251442,0.413125908,0.758148548,white,2.309594832
4480,0.611401446,0.082162075,red,0.293398469,0.139733429,0.330381076,0.962412628,white,2.565375696
4484,0.021967083,0.874836469,yellow,0.64117035,0.27046769,0.488599551,0.617052536,white,2.98216456
4497,0.678225986,0.770368881,green,0.969881566,0.763381279,0.563578556,0.485831758,white,3.429456734
4504,0.26741195,0.405397654,red,0.54585328,0.938676704,0.021362557,0.174758779,white,2.694670966
4523,0.322758977,0.645893934,blue,0.890936131,0.021327124,0.850714884,0.56000366,white,1.907887883
4529,0.781784196,0.170654831,blue,0.837649168,0.651527893,0.858176291,0.863471831,white,2.347514803
4537,0.932215802,0.822030199,yellow,0.799935392,0.863923659,0.270681153,0.380859438,white,3.243387644
4546,0.804070524,0.715312487,blue,0.193130866,0.736459944,0.996239075,0.442622131,white,2.855239228
4584,0.094513595,0.737171735,red,0.608463632,0.793746926,0.207401076,0.932779174,white,3.191372814
4606,0.908519545,0.628469366,yellow,0.140949277,0.497814718,0.27974802,0.154287539,white,2.652905254
4613,0.729653156,0.82176152,blue,0.847770473,0.591447704,0.424407537,0.528970988,white,2.35950461
4614,0.245112987,0.970925966,red,0.562202282,0.003979081,0.322843978,0.949141134,white,2.601223804
4623,0.482202844,0.59517967,red,0.749744432,0.395250817,0.718553359,0.956232793,black,2.47467421
4676,0.997230175,0.006909441,blue,0.423082128,0.505922751,0.527097343,0.482611676,white,1.924497988
4680,0.361176223,0.343086934,red,0.73428809,0.14717594,0.245087761,0.655726748,white,2.361697657
4720,0.310620099,0.255621732,red,0.602443931,0.022735427,0.061563496,0.054084677,white,1.456959099
4731,0.759917227,0.629337815,green,0.198290959,0.07078618,0.190654662,0.082757267,black,1.66399553
4751,0.743900505,0.076847656,yellow,0.862559601,0.825095964,0.351984521,0.136466976,black,2.128851629
4758,0.563082531,0.122700687,green,0.742164011,0.304057131,0.998510514,0.278887094,white,2.985599993
4762,0.52390993,0.539205713,blue,0.53700618,0.966343523,0.539230052,0.344532521,black,1.909904694
4767,0.724256866,0.49503497,green,0.960520009,0.153412188,0.409028316,0.578323732,white,2.597453039
4792,0.396991536,0.423303788,blue,0.30594904,0.339364723,0.436289679,0.155574991,white,1.757117872
4793,0.942855685,0.807016408,green,0.673720297,0.002386746,0.689387844,0.753895256,white,3.163335847
4801,0.632529134,0.240099712,yellow,0.546833885,0.979111777,0.120010425,0.336649216,white,3.18801733
4810,0.216469436,0.966985735,blue,0.606518984,0.258718323,0.92206588,0.673042748,white,2.553317026
4823,0.385856082,0.877169335,yellow,0.413658522,0.218007837,0.45317685,0.228852083,white,2.677560428
4845,0.039519542,0.133238022,green,0.621999386,0.187957271,0.216652683,0.361426606,black,1.807747596
4877,0.715866524,0.763825601,green,0.214098933,0.428213685,0.242616353,0.926726212,white,3.21519075
4889,0.195745203,0.791510761,green,0.784001081,0.778691557,0.407300852,0.895939431,white,3.646690779
4910,0.995119423,0.076542183,yellow,0.326500028,0.829949208,0.500763281,0.545783832,white,3.270343949
4920,0.091772977,0.32696499,green,0.922553494,0.257745077,0.348771476,0.624851095,white,2.672513617
4931,0.761852618,0.654754836,blue,0.252333575,0.128780659,0.658069352,0.405366761,black,1.259850091
4997,0.808055263,0.219598509,blue,0.960694953,0.098121788,0.533802364,0.707289653,white,1.920295308